Model,Mean Accuracy,Std Accuracy
LR,0.660082304526749,0.0314458228884894
LDA,0.8090534979423868,0.04251648236474706
KNN,0.5567901234567901,0.025504445156125367
CART,0.598971193415638,0.05196807472410249
NB,0.6880658436213991,0.041185172026985364
SVM,0.3335390946502058,0.050480342711336924
