Model,Mean Accuracy,Std Accuracy
LR,0.7818181818181819,0.08331955809010619
LDA,0.9272727272727274,0.05061603966209111
KNN,0.8818181818181818,0.08181818181818183
CART,0.8636363636363635,0.10163945352271772
NB,0.8681818181818182,0.08965037692416374
SVM,0.9090909090909092,0.05749595745760692
